time_ms,event,cwnd,rtt_ms
0,START,1.00,0
302.4,ACK,2.00,302.4
594.3,ACK,3.00,301.1
606.3,ACK,4.00,301.5
902.1,ACK,5.00,302.3
902.1,ACK,6.00,303.0
912.0,ACK,7.00,303.3
912.0,ACK,8.00,303.6
1193.0,ACK,9.00,302.0
1215.6,ACK,10.00,303.4
1215.6,ACK,11.00,304.7
1215.6,ACK,12.00,305.8
1215.6,ACK,13.00,305.5
1218.4,ACK,14.00,305.6
1228.5,ACK,15.00,307.0
1228.5,ACK,16.00,308.2
1502.6,ACK,16.06,308.4
1512.3,ACK,16.12,309.7
1515.9,ACK,16.19,308.5
1525.0,ACK,16.25,308.6
1533.0,ACK,16.31,309.7
1538.0,ACK,16.37,311.3
1538.0,ACK,16.43,312.7
1538.0,ACK,16.49,313.9
1538.0,ACK,16.55,315.0
1538.0,ACK,16.61,315.9
1539.6,ACK,16.67,316.5
1551.7,ACK,16.73,318.6
1551.7,ACK,16.79,319.2
1552.5,ACK,16.85,319.8
1552.5,ACK,16.91,320.3
1555.0,ACK,16.97,321.1
1796.0,ACK,17.03,317.6
1801.5,ACK,17.09,314.1
1805.8,ACK,17.15,311.1
1823.2,ACK,17.21,309.4
1834.0,ACK,17.26,308.4
1838.2,ACK,17.32,307.4
1844.8,ACK,17.38,307.3
1861.9,ACK,17.44,309.4
1861.9,ACK,17.50,311.2
1861.9,ACK,17.55,312.8
1861.9,ACK,17.61,314.0
1861.9,ACK,17.67,313.5
1875.1,ACK,17.72,314.7
1875.1,ACK,17.78,315.7
1878.3,ACK,17.84,317.0
1878.3,ACK,17.89,317.8
2088.5,ACK,17.95,314.6
2107.5,ACK,18.00,314.2
2120.5,ACK,18.06,314.8
2120.5,ACK,18.11,314.8
2125.2,ACK,18.17,313.2
2138.0,ACK,18.22,312.0
2142.8,ACK,18.28,311.1
2152.1,ACK,18.33,310.6
2152.1,ACK,18.39,308.1
2176.8,ACK,18.44,308.9
2178.0,ACK,18.50,309.8
2178.0,ACK,18.55,310.6
2178.0,ACK,18.61,311.3
2178.0,ACK,18.66,310.3
2184.5,ACK,18.71,310.1
2187.2,ACK,18.77,310.0
2187.2,ACK,18.82,309.9
2400.6,ACK,18.87,310.1
2415.5,ACK,18.93,309.9
2415.5,ACK,18.98,309.7
2415.5,ACK,19.03,307.8
2426.3,ACK,19.08,307.6
2426.3,ACK,19.14,306.8
2438.3,ACK,19.19,306.0
2445.9,ACK,19.24,305.6
2445.9,ACK,19.29,304.1
2456.0,ACK,19.34,304.1
2496.6,ACK,19.40,306.1
2496.6,ACK,19.45,307.6
2496.6,ACK,19.50,309.0
2502.6,ACK,19.55,310.9
2502.6,ACK,19.60,312.6
2502.6,ACK,19.65,313.3
2502.6,ACK,19.70,313.6
2511.8,ACK,19.75,314.9
2701.5,ACK,19.80,313.2
2715.9,ACK,19.85,311.6
2721.2,ACK,19.91,310.8
2742.0,ACK,19.96,312.8
2742.0,ACK,20.01,314.5
2742.0,ACK,20.06,314.6
2742.0,ACK,20.11,314.8
2742.0,ACK,20.16,313.4
2750.7,ACK,20.20,312.3
2757.3,ACK,20.25,312.2
2763.9,ACK,20.30,311.6
2800.6,ACK,20.35,310.7
2803.9,ACK,20.40,310.3
2820.3,ACK,20.45,311.9
2820.3,ACK,20.50,312.6
2824.7,ACK,20.55,313.8
2824.7,ACK,20.60,314.9
2827.8,ACK,20.65,316.1
2827.8,ACK,20.69,316.1
3010.3,ACK,20.74,315.2
3018.2,ACK,20.79,313.6
3035.3,ACK,20.84,313.7
3047.8,ACK,20.89,312.7
3047.8,ACK,20.93,311.8
3056.8,ACK,20.98,312.2
3056.8,ACK,21.03,312.5
3072.2,ACK,21.08,314.7
3072.2,ACK,21.13,316.7
3072.2,ACK,21.17,317.3
3072.6,ACK,21.22,317.0
3072.6,ACK,21.27,316.0
3110.1,ACK,21.31,315.2
3115.8,ACK,21.36,314.8
3121.6,ACK,21.41,313.1
3137.7,ACK,21.45,313.6
3137.7,ACK,21.50,313.5
3149.1,ACK,21.55,314.9
3149.9,ACK,21.59,315.8
3149.9,ACK,21.64,316.6
3326.8,ACK,21.69,316.6
3326.8,ACK,21.73,315.6
3337.4,ACK,21.78,313.9
3359.2,ACK,21.82,313.6
3361.9,ACK,21.87,313.6
3361.9,ACK,21.92,312.6
3371.9,ACK,21.96,312.9
3371.9,ACK,22.01,313.2
3371.9,ACK,22.05,311.5
3377.4,ACK,22.10,310.7
3387.1,ACK,22.14,311.2
3387.1,ACK,22.19,311.6
3387.1,ACK,22.23,312.0
3427.3,ACK,22.28,312.6
3428.6,ACK,22.32,312.6
3428.6,ACK,22.37,311.9
3437.8,ACK,22.41,310.5
3452.3,ACK,22.46,311.0
3466.8,ACK,22.50,311.8
3466.8,ACK,22.55,312.5
3466.8,ACK,22.59,313.0
3632.9,ACK,22.64,312.1
3632.9,ACK,22.68,311.4
3636.4,ACK,22.72,309.8
3669.8,ACK,22.77,309.9
3683.1,ACK,22.81,311.3
3683.1,ACK,22.86,312.6
3683.1,ACK,22.90,312.4
3683.6,ACK,22.94,312.3
3683.6,ACK,22.99,312.2
3695.1,ACK,23.03,313.6
3695.1,ACK,23.07,314.1
3695.1,ACK,23.12,313.4
3698.8,ACK,23.16,313.2
3704.3,ACK,23.20,313.7
3736.4,ACK,23.25,313.1
3736.4,ACK,23.29,312.4
3736.4,ACK,23.33,311.8
3741.9,ACK,23.37,310.9
3741.9,ACK,23.42,308.2
3776.6,ACK,23.46,308.4
3776.6,ACK,23.50,308.6
3778.3,ACK,23.55,308.9
3939.4,ACK,23.59,308.6
3939.4,ACK,23.63,308.3
3939.4,ACK,23.67,307.7
3974.6,ACK,23.71,307.3
3976.2,ACK,23.76,305.5
3984.6,ACK,23.80,305.0
3991.4,ACK,23.84,305.4
4004.2,ACK,23.88,307.3
4004.2,ACK,23.92,309.0
4004.2,ACK,23.97,309.0
4004.2,ACK,24.01,309.0
4004.2,ACK,24.05,309.0
4010.6,ACK,24.09,309.8
4010.6,ACK,24.13,310.1
4014.0,ACK,24.17,310.0
4048.4,ACK,24.22,310.3
4052.0,ACK,24.26,310.9
4052.0,ACK,24.30,311.5
4052.0,ACK,24.34,311.3
4063.2,ACK,24.38,312.6
4071.8,ACK,24.42,310.4
4096.4,ACK,24.46,311.6
4096.4,ACK,24.50,312.4
4251.6,ACK,24.54,312.4
4251.6,ACK,24.59,312.4
4257.2,ACK,24.63,313.0
4271.4,ACK,24.67,311.0
4271.4,ACK,24.71,309.0
4294.5,ACK,24.75,309.1
4305.8,ACK,24.79,309.8
4305.8,ACK,24.83,308.8
4312.0,ACK,24.87,308.6
4312.0,ACK,24.91,308.5
4332.4,ACK,24.95,311.0
4332.4,ACK,24.99,313.2
4332.4,ACK,25.03,315.0
4332.4,ACK,25.07,315.9
4332.4,ACK,25.11,316.6
4332.4,ACK,25.15,316.9
4350.1,ACK,25.19,315.0
4367.3,ACK,25.23,315.0
4367.3,ACK,25.27,315.1
4370.9,ACK,25.31,315.5
4371.6,ACK,25.35,314.6
4371.6,ACK,25.39,312.8
4397.0,ACK,25.43,311.3
4397.0,ACK,25.46,309.9
4540.0,ACK,25.50,307.2
4543.2,ACK,25.54,305.3
4560.1,ACK,25.58,305.0
4565.4,ACK,25.62,303.6
4583.1,ACK,25.66,304.6
4606.9,ACK,25.70,305.6
4617.4,ACK,25.74,306.4
4617.4,ACK,25.78,307.0
4617.4,ACK,25.82,306.8
4617.8,ACK,25.85,306.7
4639.6,ACK,25.89,306.7
4639.6,ACK,25.93,306.8
4650.5,ACK,25.97,308.2
4650.5,ACK,26.01,309.4
4650.5,ACK,26.05,310.5
4650.5,ACK,26.09,311.4
4653.0,ACK,26.12,312.6
4659.4,ACK,26.16,312.2
4670.8,ACK,26.20,311.1
4673.6,ACK,26.24,310.5
4692.3,ACK,26.28,311.8
4692.3,ACK,26.32,312.9
4692.3,ACK,26.35,313.9
4699.7,ACK,26.39,312.5
4709.1,ACK,26.43,312.5
4839.6,ACK,26.47,310.8
4851.9,ACK,26.50,310.6
4864.0,ACK,26.54,309.7
4869.4,ACK,26.58,309.0
4894.5,ACK,26.62,309.3
4913.4,ACK,26.66,309.0
4913.4,ACK,26.69,307.3
4919.3,ACK,26.73,306.7
4959.8,FAST_RETX,13.37,306.7
5257.9,ACK,13.44,306.7
5278.0,ACK,13.51,306.7
5278.0,ACK,13.59,306.7
5281.2,ACK,13.66,306.7
5281.2,ACK,13.74,306.7
5281.2,ACK,13.81,306.7
5281.2,ACK,13.88,306.7
5281.2,ACK,13.95,306.7
5295.1,ACK,14.02,306.7
5295.1,ACK,14.10,306.7
5295.1,ACK,14.17,306.7
5304.8,ACK,14.24,306.7
5304.8,ACK,14.31,306.7
5305.2,ACK,14.38,306.7
5305.2,ACK,14.45,306.7
5305.2,ACK,14.52,306.7
5305.2,ACK,14.58,306.7
5305.2,ACK,14.65,306.7
5305.2,ACK,14.72,306.7
5308.9,ACK,14.79,306.7
5309.7,ACK,14.86,306.7
5316.4,ACK,14.92,306.7
5316.4,ACK,14.99,306.7
5321.7,ACK,15.06,306.7
5331.2,ACK,15.12,306.7
5332.8,ACK,15.19,306.7
5601.5,ACK,15.26,305.4
5601.5,ACK,15.32,304.3
5628.9,ACK,15.39,306.7
5628.9,ACK,15.45,308.9
5628.9,ACK,15.52,310.7
5628.9,ACK,15.58,312.3
5637.3,ACK,15.65,314.8
5637.3,ACK,15.71,316.5
5643.7,ACK,15.77,318.7
5643.7,ACK,15.84,319.8
5643.7,ACK,15.90,320.7
5647.8,ACK,15.96,321.4
5647.8,ACK,16.03,322.0
5647.8,ACK,16.09,321.3
5650.6,ACK,16.15,320.8
5913.3,ACK,16.21,319.7
5917.8,ACK,16.27,319.3
5942.9,ACK,16.33,318.6
5942.9,ACK,16.40,318.0
5942.9,ACK,16.46,317.5
5951.0,ACK,16.52,318.1
5951.0,ACK,16.58,317.6
5951.0,ACK,16.64,317.1
5951.0,ACK,16.70,315.9
5962.0,ACK,16.76,316.2
5967.2,ACK,16.82,317.1
5967.2,ACK,16.88,317.4
5967.2,ACK,16.94,317.6
5967.2,ACK,17.00,317.8
5967.2,ACK,17.05,318.0
5973.5,ACK,17.11,318.6
6222.6,ACK,17.17,317.5
6240.4,ACK,17.23,318.1
6264.5,ACK,17.29,318.5
6264.5,ACK,17.35,318.9
6264.5,ACK,17.40,319.2
6267.6,ACK,17.46,318.9
6267.6,ACK,17.52,318.6
6273.9,ACK,17.58,319.2
6273.9,ACK,17.63,319.6
6273.9,ACK,17.69,318.6
6276.2,ACK,17.75,317.4
6278.9,ACK,17.80,316.7
6278.9,ACK,17.86,316.1
6286.0,ACK,17.91,316.5
6289.3,ACK,17.97,317.2
6289.3,ACK,18.03,317.8
6295.6,ACK,18.08,318.3
6534.5,ACK,18.14,317.5
6548.1,ACK,18.19,316.3
6573.9,ACK,18.25,315.4
6573.9,ACK,18.30,314.7
6579.2,ACK,18.36,314.7
6579.2,ACK,18.41,314.3
6581.7,ACK,18.46,314.2
6581.7,ACK,18.52,313.4
6592.0,ACK,18.57,314.0
6592.0,ACK,18.63,314.5
6592.0,ACK,18.68,314.7
6597.9,ACK,18.73,315.2
6597.9,ACK,18.79,315.7
6599.5,ACK,18.84,315.4
6599.5,ACK,18.89,314.7
6610.2,ACK,18.95,315.5
6617.6,ACK,19.00,317.1
6617.6,ACK,19.05,317.7
6827.2,ACK,19.10,314.6
6855.2,ACK,19.16,313.7
6890.5,ACK,19.21,314.0
6890.5,ACK,19.26,314.4
6890.5,ACK,19.31,314.0
6890.5,ACK,19.36,313.6
6895.2,ACK,19.42,313.6
6906.2,FAST_RETX,9.71,313.6
7211.1,ACK,9.81,313.6
7211.1,ACK,9.91,313.6
7217.4,ACK,10.01,313.6
7217.4,ACK,10.11,313.6
7223.7,ACK,10.21,313.6
7223.7,ACK,10.31,313.6
7232.3,ACK,10.41,313.6
7232.3,ACK,10.50,313.6
7239.0,ACK,10.60,313.6
7241.7,ACK,10.69,313.6
7242.9,ACK,10.79,313.6
7242.9,ACK,10.88,313.6
7242.9,ACK,10.97,313.6
7242.9,ACK,11.06,313.6
7242.9,ACK,11.15,313.6
7242.9,ACK,11.24,313.6
7256.3,ACK,11.33,313.6
7256.3,ACK,11.42,313.6
7257.9,ACK,11.51,313.6
7555.4,ACK,11.59,313.6
7555.4,ACK,11.68,313.5
7555.4,ACK,11.77,313.3
7557.7,ACK,11.85,313.5
7557.7,ACK,11.94,313.7
7572.8,ACK,12.02,315.7
7572.8,ACK,12.10,317.5
7577.5,ACK,12.19,319.6
7577.5,ACK,12.27,319.8
7578.4,ACK,12.35,320.1
7578.4,ACK,12.43,320.1
7866.9,ACK,12.51,319.1
7871.1,ACK,12.59,318.7
7871.1,ACK,12.67,318.3
7871.1,ACK,12.75,317.7
7886.1,ACK,12.83,319.0
7886.1,ACK,12.90,318.3
7893.7,ACK,12.98,318.6
7893.7,ACK,13.06,318.9
7893.7,ACK,13.14,318.6
7893.7,ACK,13.21,318.3
7893.7,ACK,13.29,317.9
7893.7,ACK,13.36,317.6
8169.7,ACK,13.44,315.7
8169.7,ACK,13.51,313.6
8183.9,ACK,13.59,313.5
8183.9,ACK,13.66,313.4
8187.3,ACK,13.73,311.9
8198.7,ACK,13.81,312.0
8199.6,ACK,13.88,311.2
8209.2,ACK,13.95,311.7
8209.2,ACK,14.02,312.2
8221.7,ACK,14.09,314.2
8221.7,ACK,14.16,315.9
8221.7,ACK,14.23,317.4
8221.7,ACK,14.31,318.7
8479.6,ACK,14.38,317.6
8479.6,ACK,14.44,316.6
8490.4,ACK,14.51,315.4
8490.4,ACK,14.58,314.2
8490.4,ACK,14.65,312.9
8505.6,ACK,14.72,312.1
8505.6,ACK,14.79,311.4
8515.7,ACK,14.86,310.7
8515.7,ACK,14.92,310.2
8515.7,ACK,14.99,309.7
8515.7,ACK,15.06,307.8
8536.8,ACK,15.12,308.7
8536.8,ACK,15.19,309.5
8543.2,ACK,15.25,311.0
8781.3,ACK,15.32,309.8
8790.3,ACK,15.39,309.9
8796.9,ACK,15.45,309.5
8815.5,ACK,15.52,311.5
8815.5,ACK,15.58,313.2
8815.5,ACK,15.64,312.8
8815.5,ACK,15.71,312.4
8815.5,ACK,15.77,310.8
8822.2,ACK,15.83,310.3
8831.5,ACK,15.90,310.9
8836.9,ACK,15.96,312.2
8836.9,ACK,16.02,313.3
8836.9,ACK,16.09,311.7
8852.5,ACK,16.15,312.2
8855.8,ACK,16.21,312.2
9077.9,ACK,16.27,310.3
9095.2,ACK,16.33,309.6
9100.5,ACK,16.39,308.9
9120.7,ACK,16.46,308.4
9123.9,ACK,16.52,308.4
9131.7,ACK,16.58,309.4
9131.7,ACK,16.64,310.2
9131.7,ACK,16.70,311.0
9139.0,ACK,16.76,311.7
9139.0,ACK,16.82,311.2
9139.0,ACK,16.88,310.1
9139.0,ACK,16.94,309.1
9149.1,ACK,16.99,309.5
9153.8,ACK,17.05,310.4
9158.5,ACK,17.11,309.8
9158.5,ACK,17.17,308.9
9378.7,ACK,17.23,307.9
9393.3,ACK,17.29,306.7
9408.3,ACK,17.34,306.8
9425.1,ACK,17.40,306.5
9429.5,ACK,17.46,306.4
9437.9,ACK,17.52,306.4
9450.1,ACK,17.57,307.9
9450.1,ACK,17.63,309.2
9450.1,ACK,17.69,309.4
9450.1,ACK,17.74,309.6
9450.1,ACK,17.80,309.8
9462.0,ACK,17.86,311.4
9462.0,ACK,17.91,311.6
9468.1,ACK,17.97,312.0
9468.1,ACK,18.02,312.2
9468.1,ACK,18.08,311.9
9472.4,ACK,18.13,312.2
9679.0,ACK,18.19,310.7
9695.4,ACK,18.25,309.6
9718.2,ACK,18.30,309.6
9724.4,ACK,18.35,308.3
9732.0,ACK,18.41,307.6
9746.1,ACK,18.46,307.7
9746.1,ACK,18.52,306.2
9757.3,ACK,18.57,306.3
9768.4,ACK,18.63,307.8
9768.4,ACK,18.68,309.1
9768.4,ACK,18.73,310.3
9768.4,ACK,18.79,309.8
9768.4,ACK,18.84,309.4
9768.4,ACK,18.89,308.3
9774.7,ACK,18.95,308.0
9786.2,ACK,19.00,309.3
9788.2,ACK,19.05,310.6
9788.2,ACK,19.10,311.3
9993.3,ACK,19.16,311.7
9993.3,ACK,19.21,309.9
10021.3,ACK,19.26,309.1
10043.8,ACK,19.31,310.4
10043.8,ACK,19.36,310.5
10048.7,ACK,19.42,309.5
10067.9,ACK,19.47,311.1
10073.2,ACK,19.52,311.7
10073.2,ACK,19.57,310.8
10073.2,ACK,19.62,310.1
10091.9,ACK,19.67,311.7
10091.9,ACK,19.72,313.2
10091.9,ACK,19.77,314.5
10091.9,ACK,19.82,315.6
10091.9,ACK,19.87,315.8
10104.9,ACK,19.92,316.1
10104.9,ACK,19.97,316.2
10104.9,ACK,20.02,316.3
10104.9,ACK,20.07,316.3
10292.6,ACK,20.12,314.2
10303.5,ACK,20.17,313.7
10313.3,ACK,20.22,311.0
10346.6,ACK,20.27,310.0
10346.6,ACK,20.32,309.1
10358.9,ACK,20.37,309.2
10381.5,ACK,20.42,309.8
10381.5,ACK,20.47,309.6
10381.5,ACK,20.52,309.4
10392.7,ACK,20.57,310.7
10392.7,ACK,20.62,309.4
10392.7,ACK,20.66,308.4
10403.5,ACK,20.71,308.8
10407.3,ACK,20.76,309.6
10407.3,ACK,20.81,310.3
10407.3,ACK,20.86,309.3
10407.3,ACK,20.91,308.5
10413.6,ACK,20.95,308.5
10415.8,ACK,21.00,308.8
10415.8,ACK,21.05,309.0
10599.9,ACK,21.10,308.8
10605.5,ACK,21.14,308.0
10631.8,ACK,21.19,309.3
10656.3,ACK,21.24,309.3
10661.9,ACK,21.28,310.1
10666.1,ACK,21.33,309.7
10703.7,ACK,21.38,311.3
10703.7,ACK,21.43,312.6
10703.7,ACK,21.47,313.8
10703.7,ACK,21.52,313.5
10703.7,ACK,21.57,313.2
10712.9,ACK,21.61,314.1
10712.9,ACK,21.66,313.5
10712.9,ACK,21.70,312.5
10723.5,ACK,21.75,313.0
10723.5,ACK,21.80,313.4
10724.7,ACK,21.84,313.9
10724.7,ACK,21.89,313.5
10732.3,ACK,21.93,313.9
10733.5,ACK,21.98,314.4
10733.5,ACK,22.02,314.8
10906.3,ACK,22.07,313.7
10919.5,ACK,22.12,313.8
10945.9,ACK,22.16,313.8
10968.3,ACK,22.21,313.6
10972.7,ACK,22.25,313.2
10972.7,ACK,22.30,312.4
11020.1,ACK,22.34,312.9
11020.1,ACK,22.39,313.3
11023.2,ACK,22.43,314.1
11027.9,ACK,22.47,315.3
11027.9,ACK,22.52,316.4
11027.9,ACK,22.56,316.3
11032.2,ACK,22.61,316.6
11035.7,ACK,22.65,317.4
11036.9,ACK,22.70,316.9
11040.9,ACK,22.74,317.0
11043.3,ACK,22.78,317.2
11043.3,ACK,22.83,317.3
11043.3,ACK,22.87,316.6
11043.3,ACK,22.92,315.7
11047.9,ACK,22.96,315.6
11051.1,ACK,23.00,315.8
11219.5,ACK,23.05,315.5
11231.1,ACK,23.09,315.0
11253.2,ACK,23.13,314.0
11283.9,ACK,23.18,314.2
11283.9,ACK,23.22,313.8
11283.9,ACK,23.26,313.5
11316.5,ACK,23.31,311.4
11316.5,ACK,23.35,309.5
11334.2,ACK,23.39,309.7
11334.2,ACK,23.43,309.3
11340.1,ACK,23.48,309.6
11340.1,ACK,23.52,310.0
11340.1,ACK,23.56,309.7
11350.0,ACK,23.60,310.3
11350.0,ACK,23.65,310.6
11355.1,ACK,23.69,311.1
11355.1,ACK,23.73,311.2
11360.5,ACK,23.77,311.9
11360.5,ACK,23.81,312.6
11363.3,ACK,23.86,313.5
11363.3,ACK,23.90,313.7
11363.3,ACK,23.94,313.5
11369.8,ACK,23.98,314.2
11511.7,ACK,24.02,311.4
11529.7,ACK,24.07,309.8
11554.3,ACK,24.11,308.7
11599.0,ACK,24.15,309.5
11599.0,ACK,24.19,310.2
11601.8,ACK,24.23,311.2
11629.0,ACK,24.27,311.4
11629.0,ACK,24.31,311.5
11641.5,ACK,24.36,311.0
11653.4,ACK,24.40,312.0
11653.4,ACK,24.44,312.2
11660.8,ACK,24.48,313.2
11660.8,ACK,24.52,314.1
11660.8,ACK,24.56,313.7
11665.7,ACK,24.60,314.0
11670.4,ACK,24.64,314.1
11670.4,ACK,24.68,314.3
11670.4,ACK,24.72,313.8
11672.0,ACK,24.76,313.5
11680.4,ACK,24.80,313.9
11680.4,ACK,24.84,314.3
11692.5,ACK,24.88,316.2
11692.5,ACK,24.92,317.0
11813.2,ACK,24.96,315.0
11815.6,ACK,25.00,313.7
11834.4,ACK,25.04,312.5
11859.3,ACK,25.08,311.6
11905.2,ACK,25.12,310.9
11912.8,ACK,25.16,311.3
11926.3,ACK,25.20,312.9
11928.6,ACK,25.24,311.2
11928.6,ACK,25.28,309.8
11936.8,ACK,25.32,307.9
11954.6,ACK,25.36,307.1
11960.5,ACK,25.40,307.1
11964.1,ACK,25.44,306.6
11964.1,ACK,25.48,306.2
11977.2,ACK,25.52,307.5
11987.1,ACK,25.56,309.2
11987.1,ACK,25.60,310.1
11987.1,ACK,25.64,311.0
11990.7,ACK,25.68,312.1
11996.6,ACK,25.71,313.7
11996.6,ACK,25.75,314.0
11996.6,ACK,25.79,314.3
11996.6,ACK,25.83,313.0
12008.8,ACK,25.87,313.4
12122.6,ACK,25.91,312.9
12122.6,ACK,25.95,312.1
12122.6,ACK,25.99,311.5
12138.5,ACK,26.02,310.6
12162.2,ACK,26.06,309.6
12213.6,ACK,26.10,309.5
12213.6,ACK,26.14,308.4
12230.0,ACK,26.18,307.8
12230.0,ACK,26.22,307.0
12245.4,ACK,26.25,308.2
12245.4,ACK,26.29,308.3
12248.5,ACK,26.33,306.5
12258.2,ACK,26.37,305.4
12263.7,ACK,26.41,304.6
12263.7,ACK,26.44,304.0
12281.3,ACK,26.48,304.0
12281.3,ACK,26.52,302.8
12300.9,ACK,26.56,304.2
12303.4,ACK,26.59,305.7
12303.4,ACK,26.63,306.6
12310.7,ACK,26.67,307.5
12312.6,ACK,26.71,308.6
12314.6,ACK,26.74,309.8
12316.2,ACK,26.78,311.0
12316.2,ACK,26.82,310.5
12423.5,ACK,26.86,309.3
12423.5,ACK,26.89,308.3
12429.5,ACK,26.93,308.1
12452.3,ACK,26.97,308.8
12452.3,ACK,27.01,309.5
12462.2,ACK,27.04,308.3
12523.8,ACK,27.08,308.5
12526.1,ACK,27.12,309.0
12526.1,ACK,27.15,307.4
12527.0,ACK,27.19,306.1
12563.7,ACK,27.23,307.6
12563.7,ACK,27.26,309.0
12563.7,ACK,27.30,309.7
12566.9,ACK,27.34,309.6
12566.9,ACK,27.37,308.8
12567.3,ACK,27.41,308.1
12611.7,FAST_RETX,13.70,308.1
12910.2,ACK,13.78,308.1
12914.1,ACK,13.85,308.1
12922.4,ACK,13.92,308.1
12935.8,ACK,13.99,308.1
12935.8,ACK,14.07,308.1
12935.8,ACK,14.14,308.1
12940.9,ACK,14.21,308.1
12940.9,ACK,14.28,308.1
12944.4,ACK,14.35,308.1
12948.9,ACK,14.42,308.1
12949.7,ACK,14.49,308.1
12956.5,ACK,14.56,308.1
12956.5,ACK,14.62,308.1
12956.5,ACK,14.69,308.1
12956.5,ACK,14.76,308.1
12956.5,ACK,14.83,308.1
12965.7,ACK,14.90,308.1
12965.7,ACK,14.96,308.1
12965.7,ACK,15.03,308.1
12975.9,ACK,15.10,308.1
12975.9,ACK,15.16,308.1
12975.9,ACK,15.23,308.1
12975.9,ACK,15.29,308.1
12975.9,ACK,15.36,308.1
12983.6,ACK,15.43,308.1
12983.6,ACK,15.49,308.1
12987.0,ACK,15.55,308.1
13261.6,ACK,15.62,307.8
13272.8,ACK,15.68,308.8
13272.8,ACK,15.75,309.8
13272.8,ACK,15.81,309.4
13272.8,ACK,15.87,309.1
13282.0,ACK,15.94,310.0
13282.0,ACK,16.00,310.8
13290.7,ACK,16.06,311.3
13291.5,ACK,16.12,311.8
13293.1,ACK,16.19,312.5
13293.1,ACK,16.25,313.1
13294.7,ACK,16.31,313.8
13297.5,ACK,16.37,313.8
13297.5,ACK,16.43,313.8
13297.5,ACK,16.49,313.4
13558.7,ACK,16.55,311.4
13573.2,ACK,16.61,310.0
13574.4,ACK,16.67,308.9
13587.7,ACK,16.73,309.7
13596.7,ACK,16.79,311.4
13596.7,ACK,16.85,311.9
13596.7,ACK,16.91,312.2
13596.7,ACK,16.97,311.4
13596.7,ACK,17.03,310.8
13601.0,ACK,17.09,310.6
13601.0,ACK,17.15,310.3
13601.8,ACK,17.21,310.1
13603.4,ACK,17.26,309.9
13622.3,ACK,17.32,311.8
13622.3,ACK,17.38,313.4
13622.3,ACK,17.44,314.8
13860.8,ACK,17.49,313.2
13862.8,ACK,17.55,310.3
13883.2,ACK,17.61,310.1
13884.8,ACK,17.67,308.5
13911.1,ACK,17.72,309.2
13915.2,ACK,17.78,310.4
13915.2,ACK,17.83,311.4
13915.2,ACK,17.89,312.3
13915.2,ACK,17.95,313.1
13916.0,ACK,18.00,313.8
13932.4,ACK,18.06,316.0
13932.4,ACK,18.11,318.0
13937.1,ACK,18.17,320.1
13937.1,ACK,18.22,321.8
13937.1,ACK,18.28,320.9
13937.1,ACK,18.33,320.2
13937.5,ACK,18.39,319.5
14191.6,FAST_RETX,9.19,319.5
14498.0,ACK,9.30,319.5
14498.0,ACK,9.41,319.5
14499.2,ACK,9.52,319.5
14507.7,ACK,9.62,319.5
14507.7,ACK,9.73,319.5
14514.1,ACK,9.83,319.5
14523.4,ACK,9.93,319.5
14523.4,ACK,10.03,319.5
14523.4,ACK,10.13,319.5
14527.3,ACK,10.23,319.5
14534.5,ACK,10.33,319.5
14534.5,ACK,10.42,319.5
14534.5,ACK,10.52,319.5
14534.5,ACK,10.61,319.5
14534.5,ACK,10.71,319.5
14535.7,ACK,10.80,319.5
14535.7,ACK,10.89,319.5
14548.2,ACK,10.99,319.5
14826.4,ACK,11.08,317.5
14844.5,ACK,11.17,317.4
14844.5,ACK,11.26,316.5
14845.7,ACK,11.35,315.8
14845.7,ACK,11.43,315.3
14852.8,ACK,11.52,315.6
14852.8,ACK,11.61,316.0
14852.8,ACK,11.69,316.1
14867.1,ACK,11.78,318.0
14867.1,ACK,11.87,318.1
15115.7,ACK,11.95,314.5
15134.9,ACK,12.03,313.8
15149.2,ACK,12.12,312.7
15149.2,ACK,12.20,311.7
15160.5,ACK,12.28,312.1
15160.5,ACK,12.36,312.4
15160.5,ACK,12.44,311.8
15179.2,ACK,12.52,313.6
15179.2,ACK,12.60,315.2
15179.2,ACK,12.68,314.8
15179.2,ACK,12.76,314.5
15416.0,ACK,12.84,312.7
15439.5,ACK,12.92,311.7
15439.5,ACK,13.00,310.8
15443.7,ACK,13.07,308.8
15445.7,ACK,13.15,307.2
15465.1,ACK,13.22,306.9
15475.2,ACK,13.30,307.9
15475.2,ACK,13.38,308.7
15475.2,ACK,13.45,307.2
15480.1,ACK,13.52,306.4
15491.3,ACK,13.60,307.1
15491.3,ACK,13.67,307.7
15732.6,ACK,13.75,308.8
15756.8,ACK,13.82,309.9
15756.8,ACK,13.89,310.8
15756.8,ACK,13.96,311.1
15759.2,ACK,14.03,311.6
15759.2,ACK,14.11,311.9
15759.2,ACK,14.18,309.6
15767.5,ACK,14.25,307.5
15787.2,ACK,14.32,308.0
15787.2,ACK,14.39,308.5
15787.2,ACK,14.46,308.3
15800.0,ACK,14.53,308.4
15804.3,ACK,14.59,309.0
16042.0,ACK,14.66,309.0
16050.0,ACK,14.73,307.0
16065.2,ACK,14.80,307.2
16065.7,ACK,14.87,307.4
16065.7,ACK,14.93,307.3
16065.7,ACK,15.00,307.2
16078.2,ACK,15.07,308.7
16084.5,ACK,15.13,310.7
16085.3,ACK,15.20,311.6
16090.3,ACK,15.27,310.6
16092.1,ACK,15.33,309.8
16096.1,ACK,15.40,309.7
16096.1,ACK,15.46,308.0
16104.8,ACK,15.53,307.1
16338.8,ACK,15.59,305.8
16345.1,ACK,15.65,304.4
16379.0,ACK,15.72,305.6
16379.0,ACK,15.78,306.6
16384.6,ACK,15.85,308.1
16391.0,ACK,15.91,310.3
16391.0,ACK,15.97,312.2
16392.7,ACK,16.03,312.4
16392.7,ACK,16.10,311.9
16392.7,ACK,16.16,311.3
16406.8,ACK,16.22,312.0
16406.8,ACK,16.28,312.3
16406.8,ACK,16.34,312.1
16410.1,ACK,16.40,312.4
16415.3,ACK,16.47,312.1
16647.1,ACK,16.53,311.7
16647.1,ACK,16.59,310.4
16680.1,ACK,16.65,309.3
16680.1,ACK,16.71,308.2
16683.2,ACK,16.77,307.0
16700.5,ACK,16.83,307.3
16704.8,ACK,16.89,308.1
16704.8,ACK,16.95,308.6
16704.8,ACK,17.00,309.1
16713.9,ACK,17.06,310.6
16715.9,ACK,17.12,312.2
16726.4,ACK,17.18,313.1
16726.4,ACK,17.24,313.9
16726.4,ACK,17.30,314.6
16726.4,ACK,17.35,314.8
16726.4,ACK,17.41,314.3
16951.2,ACK,17.47,313.1
16956.0,ACK,17.53,312.5
16983.7,ACK,17.58,311.4
16983.7,ACK,17.64,310.4
16993.1,ACK,17.70,310.4
16996.9,ACK,17.75,308.6
17019.7,ACK,17.81,309.4
17030.5,ACK,17.87,311.4
17030.5,ACK,17.92,313.2
17030.5,ACK,17.98,314.8
17030.5,ACK,18.03,315.0
17030.5,ACK,18.09,314.9
17035.3,ACK,18.14,314.2
17039.3,ACK,18.20,314.0
17039.3,ACK,18.25,313.9
17046.5,ACK,18.31,314.7
17046.5,ACK,18.36,315.4
17249.8,ACK,18.42,313.3
17276.4,ACK,18.47,314.2
17282.8,ACK,18.53,312.3
17293.9,ACK,18.58,312.0
17306.1,ACK,18.63,312.1
17306.1,ACK,18.69,311.8
17334.1,ACK,18.74,312.1
17334.1,ACK,18.79,311.0
17334.1,ACK,18.85,310.1
17347.3,ACK,18.90,310.9
17354.2,ACK,18.95,312.5
17354.2,ACK,19.01,313.9
17356.9,ACK,19.06,315.5
17359.7,ACK,19.11,316.6
17359.7,ACK,19.16,317.1
17362.8,ACK,19.22,317.9
17365.9,ACK,19.27,318.1
17365.9,ACK,19.32,318.2
17555.6,ACK,19.37,316.7
17584.3,ACK,19.42,315.6
17584.3,ACK,19.48,313.8
17584.3,ACK,19.53,310.9
17618.2,ACK,19.58,311.0
17618.2,ACK,19.63,311.2
17644.2,ACK,19.68,311.0
17655.6,ACK,19.73,312.3
17660.0,ACK,19.78,314.0
17660.0,ACK,19.83,313.9
17670.8,ACK,19.88,314.2
17670.8,ACK,19.93,314.5
17670.8,ACK,19.98,314.8
17670.8,ACK,20.03,314.7
17670.8,ACK,20.08,314.2
17678.1,ACK,20.13,314.7
17678.1,ACK,20.18,314.8
17678.1,ACK,20.23,314.5
17688.9,ACK,20.28,315.5
17855.1,ACK,20.33,313.5
17885.5,ACK,20.38,312.0
17887.2,ACK,20.43,310.9
17887.2,ACK,20.48,309.9
17919.6,ACK,20.53,308.8
17921.3,ACK,20.58,308.1
17943.7,ACK,20.62,307.0
17948.2,ACK,20.67,305.2
17975.5,ACK,20.72,306.5
17975.5,ACK,20.77,307.6
17982.0,ACK,20.82,308.1
17983.6,ACK,20.87,308.7
17983.6,ACK,20.91,309.2
17989.5,ACK,20.96,310.4
17989.5,ACK,21.01,311.4
17989.5,ACK,21.06,312.3
18004.2,ACK,21.10,314.0
18004.2,ACK,21.15,315.5
18004.2,ACK,21.20,316.8
18004.2,ACK,21.25,316.6
18159.3,ACK,21.29,315.1
18180.8,ACK,21.34,312.6
18185.1,ACK,21.39,310.8
18185.1,ACK,21.43,309.2
18228.2,ACK,21.48,309.1
18229.0,ACK,21.53,308.9
18229.4,ACK,21.57,306.0
18251.1,ACK,21.62,305.6
18290.7,ACK,21.67,306.8
18291.5,ACK,21.71,308.0
18291.5,ACK,21.76,308.1
18291.5,ACK,21.80,308.1
18292.0,ACK,21.85,308.1
18299.2,ACK,21.90,308.3
18301.7,ACK,21.94,308.8
18301.7,ACK,21.99,309.2
18302.1,ACK,22.03,309.7
18308.9,ACK,22.08,309.0
18320.5,ACK,22.12,309.9
18332.0,ACK,22.17,312.2
18332.0,ACK,22.21,314.1
18472.9,ACK,22.26,314.1
18491.2,ACK,22.30,313.6
18495.2,ACK,22.35,313.2
18495.2,ACK,22.39,312.8
18515.7,ACK,22.44,309.6
18539.7,ACK,22.48,309.8
18545.7,ACK,22.53,310.6
18548.1,ACK,22.57,308.9
18595.2,ACK,22.61,308.3
18596.1,ACK,22.66,307.9
18602.9,ACK,22.70,308.3
18615.9,ACK,22.75,310.3
18615.9,ACK,22.79,312.0
18616.7,ACK,22.84,312.7
18616.7,ACK,22.88,313.0
18618.8,ACK,22.92,313.5
18618.8,ACK,22.97,313.9
18618.8,ACK,23.01,314.2
18618.8,ACK,23.05,313.7
18618.8,ACK,23.10,311.8
18636.0,ACK,23.14,310.8
18636.0,ACK,23.18,310.0
18780.2,ACK,23.23,309.6
18790.1,ACK,23.27,308.3
18791.7,ACK,23.31,306.8
18799.1,ACK,23.36,306.4
18807.9,ACK,23.40,304.7
18856.0,ACK,23.44,306.1
18856.0,ACK,23.48,306.6
18856.0,ACK,23.53,306.8
18903.8,ACK,23.57,307.0
18903.8,ACK,23.61,307.1
18907.9,ACK,23.65,306.8
18913.3,ACK,23.70,305.7
18926.2,ACK,23.74,306.2
18934.5,ACK,23.78,307.7
18934.5,ACK,23.82,308.9
18934.5,ACK,23.86,309.8
18934.5,ACK,23.91,310.5
18947.9,ACK,23.95,312.9
18947.9,ACK,23.99,314.9
18947.9,ACK,24.03,316.7
18955.4,ACK,24.07,319.2
19095.5,FAST_RETX,12.04,319.2
19398.3,ACK,12.12,319.2
19405.5,ACK,12.20,319.2
19409.7,ACK,12.28,319.2
19409.7,ACK,12.37,319.2
19409.7,ACK,12.45,319.2
19409.7,ACK,12.53,319.2
19416.5,ACK,12.61,319.2
19429.0,ACK,12.69,319.2
19429.9,ACK,12.76,319.2
19429.9,ACK,12.84,319.2
19429.9,ACK,12.92,319.2
19444.9,ACK,13.00,319.2
19444.9,ACK,13.08,319.2
19444.9,ACK,13.15,319.2
19444.9,ACK,13.23,319.2
19449.4,ACK,13.30,319.2
19449.4,ACK,13.38,319.2
19450.6,ACK,13.45,319.2
19450.6,ACK,13.53,319.2
19455.7,ACK,13.60,319.2
19456.9,ACK,13.67,319.2
19464.3,ACK,13.75,319.2
19464.3,ACK,13.82,319.2
19464.3,ACK,13.89,319.2
19736.0,ACK,13.97,315.7
19759.6,ACK,14.04,315.5
19759.6,ACK,14.11,315.4
19763.3,ACK,14.18,315.8
19763.7,ACK,14.25,315.6
19763.7,ACK,14.32,315.4
19763.7,ACK,14.39,315.1
19769.3,ACK,14.46,315.6
19771.4,ACK,14.53,315.6
19771.4,ACK,14.60,315.5
19771.4,ACK,14.67,314.4
19771.8,ACK,14.73,313.6
19786.0,ACK,14.80,314.6
20036.9,ACK,14.87,312.9
20062.0,ACK,14.94,311.6
20062.0,ACK,15.00,310.4
20067.1,ACK,15.07,310.0
20067.5,ACK,15.14,309.3
20075.1,ACK,15.20,309.6
20075.1,ACK,15.27,309.8
20089.8,ACK,15.33,311.8
20093.3,ACK,15.40,313.3
20098.7,ACK,15.46,315.1
20098.7,ACK,15.53,316.6
20099.9,ACK,15.59,318.1
20102.3,ACK,15.66,319.6
20102.3,ACK,15.72,319.2
20329.6,ACK,15.78,315.9
20372.7,ACK,15.85,315.3
20377.5,ACK,15.91,315.3
20378.7,ACK,15.97,315.5
20383.5,ACK,16.04,315.6
20383.5,ACK,16.10,315.6
20393.7,ACK,16.16,316.0
20393.7,ACK,16.22,316.3
20398.0,ACK,16.28,315.3
20398.0,ACK,16.35,314.0
20401.7,ACK,16.41,312.6
20401.7,ACK,16.47,311.4
20417.5,ACK,16.53,312.2
20417.5,ACK,16.59,312.5
20417.5,ACK,16.65,312.9
20632.8,ACK,16.71,311.7
20662.0,ACK,16.77,308.9
20691.7,ACK,16.83,309.5
20691.7,ACK,16.89,310.0
20691.7,ACK,16.95,309.7
20691.7,ACK,17.01,309.5
20691.7,ACK,17.07,309.4
20691.7,ACK,17.12,307.9
20691.7,ACK,17.18,306.7
20698.0,ACK,17.24,305.8
20699.9,ACK,17.30,305.4
20708.3,ACK,17.36,305.5
20721.3,ACK,17.41,307.3
20723.7,ACK,17.47,307.2
20724.9,ACK,17.53,307.2
20737.2,ACK,17.59,308.8
20938.2,ACK,17.64,308.3
20956.4,ACK,17.70,306.6
21000.9,ACK,17.76,306.9
21000.9,ACK,17.81,307.2
21000.9,ACK,17.87,307.5
21000.9,ACK,17.92,307.7
21013.3,ACK,17.98,309.4
21013.3,ACK,18.04,310.9
21013.3,ACK,18.09,312.3
21029.3,ACK,18.15,315.4
21033.7,ACK,18.20,318.0
21033.7,ACK,18.26,320.0
21033.7,ACK,18.31,320.6
21033.7,ACK,18.37,319.6
21033.7,ACK,18.42,318.4
21040.4,ACK,18.47,318.0
21040.4,ACK,18.53,316.2
21252.5,ACK,18.58,315.9
21254.5,ACK,18.64,313.7
21287.5,ACK,18.69,310.3
21306.4,ACK,18.74,309.7
21316.1,ACK,18.80,310.4
21316.1,ACK,18.85,311.0
21324.3,ACK,18.90,311.0
21326.6,ACK,18.96,311.3
21333.3,ACK,19.01,312.4
21333.3,ACK,19.06,313.3
21333.3,ACK,19.11,312.2
21344.1,ACK,19.17,312.0
21352.7,ACK,19.22,312.8
21356.7,ACK,19.27,314.1
21357.1,ACK,19.32,315.2
21357.1,ACK,19.37,316.2
21357.1,ACK,19.43,316.3
21361.2,ACK,19.48,316.9
21560.7,ACK,19.53,315.8
21571.9,ACK,19.58,316.0
21573.6,ACK,19.63,312.2
21604.8,ACK,19.68,310.5
21612.4,ACK,19.73,308.7
21614.1,ACK,19.78,307.4
21637.1,ACK,19.83,308.1
21637.1,ACK,19.88,308.4
21637.1,ACK,19.93,307.8
21637.1,ACK,19.98,307.3
21638.7,ACK,20.03,307.0
21658.7,ACK,20.08,309.3
21658.7,ACK,20.13,310.0
21658.7,ACK,20.18,309.5
21658.7,ACK,20.23,308.6
21659.1,ACK,20.28,307.7
21672.3,ACK,20.33,308.7
21672.3,ACK,20.38,309.5
21675.2,ACK,20.43,310.1
21852.8,ACK,20.48,307.8
21892.6,ACK,20.53,309.4
21892.6,ACK,20.58,310.6
21910.0,ACK,20.63,310.0
21918.2,ACK,20.67,309.4
21931.0,ACK,20.72,310.4
21939.9,ACK,20.77,309.4
21945.8,ACK,20.82,309.3
21953.5,ACK,20.87,310.2
21953.5,ACK,20.91,311.0
21959.3,ACK,20.96,312.2
21959.3,ACK,21.01,313.2
21966.3,ACK,21.06,312.5
21966.3,ACK,21.11,311.9
21967.6,ACK,21.15,311.5
21974.3,ACK,21.20,312.0
21982.2,ACK,21.25,313.4
21984.6,ACK,21.29,313.3
21984.6,ACK,21.34,313.1
21984.6,ACK,21.39,312.7
22157.7,ACK,21.43,311.7
22194.9,ACK,21.48,310.5
22195.3,ACK,21.53,309.5
22201.2,ACK,21.57,307.2
22217.2,ACK,21.62,306.2
22234.8,ACK,21.67,305.9
22235.7,ACK,21.71,304.6
22250.8,ACK,21.76,304.7
22259.8,ACK,21.81,304.9
22259.8,ACK,21.85,305.1
22263.1,ACK,21.90,304.9
22269.8,ACK,21.94,305.6
22277.0,ACK,21.99,307.1
22277.0,ACK,22.03,307.6
22277.0,ACK,22.08,308.0
22277.0,ACK,22.12,308.1
22279.4,ACK,22.17,307.8
22295.1,ACK,22.21,308.4
22295.1,ACK,22.26,308.6
22295.1,ACK,22.30,308.9
22299.0,ACK,22.35,309.6
22472.1,ACK,22.39,310.2
22493.1,ACK,22.44,308.7
22493.1,ACK,22.48,307.3
22493.1,ACK,22.53,305.4
22531.5,ACK,22.57,306.5
22535.8,ACK,22.62,305.8
22543.8,ACK,22.66,306.1
22553.6,ACK,22.70,305.7
22573.4,ACK,22.75,306.7
22573.4,ACK,22.79,307.5
22573.8,ACK,22.84,307.9
22590.9,ACK,22.88,309.6
22594.8,ACK,22.92,310.6
22594.8,ACK,22.97,311.5
22594.8,ACK,23.01,312.3
22599.4,ACK,23.05,313.6
22604.6,ACK,23.10,315.3
22604.6,ACK,23.14,316.5
22604.6,ACK,23.18,315.7
22617.2,ACK,23.23,316.5
22617.2,ACK,23.27,317.2
22617.2,ACK,23.31,317.3
22783.7,ACK,23.36,316.6
22799.9,ACK,23.40,315.4
22799.9,ACK,23.44,314.3
22810.4,ACK,23.48,314.7
22834.3,ACK,23.53,313.2
22845.2,ACK,23.57,312.7
22850.3,ACK,23.61,311.9
22850.3,ACK,23.65,310.0
22850.7,DONE,23.65,310.0
