1,RESULT,lossy,rl,4186.3,500,732,232,2,10,59.97,38.55,119.4,3.95,-0.4212
2,RESULT,lossy,rl,7281.2,500,628,128,4,10,56.12,35.93,68.7,8.76,-0.3112
3,RESULT,lossy,rl,12789.6,500,566,66,11,5,53.65,33.87,39.1,1.00,-0.1680
4,RESULT,lossy,rl,10376.1,500,566,66,7,6,55.30,33.83,48.2,6.78,-0.1422
5,RESULT,lossy,rl,7550.8,500,609,109,7,10,56.66,32.79,66.2,3.88,-0.3838
6,RESULT,lossy,rl,10519.3,500,562,62,6,5,55.67,34.57,47.5,1.06,-0.1288
7,RESULT,lossy,rl,12359.2,500,527,27,7,2,54.74,34.70,40.5,2.05,-0.0684
8,RESULT,lossy,rl,13353.3,500,539,39,9,4,54.11,33.69,37.4,3.00,-0.1481
9,RESULT,lossy,rl,5302.6,500,567,67,2,5,58.01,34.47,94.3,9.36,-0.1620
10,RESULT,lossy,rl,4773.1,500,571,71,2,7,58.60,33.25,104.8,2.74,-0.2535
11,RESULT,lossy,rl,3765.7,500,540,40,2,2,60.57,36.18,132.8,9.42,0.0459
12,RESULT,lossy,rl,5535.6,500,714,214,3,9,56.57,38.34,90.3,12.12,-0.2334
13,RESULT,lossy,rl,6306.7,500,595,95,4,6,58.14,35.11,79.3,14.61,-0.2110
14,RESULT,lossy,rl,6083.8,500,705,205,5,12,58.22,33.56,82.2,10.76,-0.4680
15,RESULT,lossy,rl,3774.0,500,602,102,2,5,61.33,36.80,132.5,8.84,-0.1695
16,RESULT,lossy,rl,3802.7,500,689,189,4,6,59.53,32.92,131.5,10.61,-0.3935
17,RESULT,lossy,rl,3141.1,500,648,148,2,4,63.34,37.16,159.2,25.04,-0.1513
18,RESULT,lossy,rl,5187.2,500,782,282,7,11,58.57,34.04,96.4,5.85,-0.5650
19,RESULT,lossy,rl,11608.9,500,606,106,9,5,56.18,33.56,43.1,15.92,-0.1776
20,RESULT,lossy,rl,4183.7,500,605,105,2,5,60.96,35.77,119.5,41.63,-0.1804
21,RESULT,lossy,rl,7981.7,500,642,142,6,5,56.20,34.83,62.6,6.39,-0.1865
22,RESULT,lossy,rl,10553.3,500,544,44,2,8,55.51,33.89,47.4,3.00,-0.1720
23,RESULT,lossy,rl,12237.3,500,541,41,10,3,55.31,33.53,40.9,5.91,-0.1394
24,RESULT,lossy,rl,8711.0,500,658,158,5,7,56.98,34.81,57.4,4.00,-0.1573
25,RESULT,lossy,rl,16026.6,500,516,16,8,0,53.76,33.34,31.2,1.00,-0.0284
26,RESULT,lossy,rl,13443.7,500,541,41,9,3,54.40,33.38,37.2,3.41,-0.1655
27,RESULT,lossy,rl,11007.1,500,521,21,5,1,53.33,34.71,45.4,1.38,-0.0477
28,RESULT,lossy,rl,8620.1,500,526,26,4,3,54.59,33.83,58.0,5.34,-0.0509
29,RESULT,lossy,rl,14881.3,500,543,43,6,5,54.15,32.25,33.6,1.00,-0.1237
30,RESULT,lossy,rl,11706.0,500,610,110,8,4,54.98,34.02,42.7,9.47,-0.1466
31,RESULT,lossy,rl,11436.7,500,530,30,7,3,53.70,32.69,43.7,10.65,-0.0730
32,RESULT,lossy,rl,8983.0,500,612,112,6,9,55.18,33.23,55.7,4.45,-0.1990
33,RESULT,lossy,rl,8612.1,500,1015,515,7,5,61.66,38.66,58.1,39.67,-0.3618
34,RESULT,lossy,rl,4874.5,500,864,364,7,5,60.39,35.45,102.6,8.83,-0.4570
35,RESULT,lossy,rl,2937.7,500,781,281,2,9,65.07,34.13,170.2,3.30,-0.5592
36,RESULT,lossy,rl,4027.8,500,912,412,7,4,62.62,38.65,124.1,38.53,-0.4903
37,RESULT,lossy,rl,2659.7,500,872,372,3,6,65.77,36.32,188.0,44.60,-0.4394
38,RESULT,lossy,rl,11304.8,500,1163,663,9,4,62.69,40.98,44.2,54.40,-0.4874
39,RESULT,lossy,rl,3542.6,500,905,405,4,8,61.78,35.78,141.1,9.26,-0.5769
40,RESULT,lossy,rl,5047.0,500,965,465,5,6,62.53,35.45,99.1,14.37,-0.5511
