1,RESULT,sat,rl,6495.1,800,1001,201,1,1,341.51,287.12,123.2,128.00,0.0800
2,RESULT,sat,rl,15516.5,800,1127,327,3,4,320.36,288.54,51.6,68.17,-0.1671
3,RESULT,sat,rl,4580.6,800,872,72,1,1,324.03,290.23,174.6,16.00,-0.0220
4,RESULT,sat,rl,8164.8,800,1058,258,2,3,336.23,284.60,98.0,92.48,-0.2429
5,RESULT,sat,rl,10263.9,800,1016,216,1,2,320.43,287.38,77.9,44.08,0.0810
6,RESULT,sat,rl,8568.4,800,1194,394,3,2,330.53,288.58,93.4,115.86,-0.1906
7,RESULT,sat,rl,14780.3,800,915,115,1,3,311.97,285.46,54.1,14.78,0.0611
8,RESULT,sat,rl,17127.9,800,862,62,0,3,309.73,284.83,46.7,6.10,0.1043
9,RESULT,sat,rl,11999.8,800,859,59,0,1,314.68,287.85,66.7,27.19,0.2329
10,RESULT,sat,rl,18795.7,800,834,34,0,2,309.22,285.56,42.6,14.57,0.1905
11,RESULT,sat,rl,15016.5,800,874,74,0,2,312.02,286.52,53.3,39.80,0.1829
12,RESULT,sat,rl,18429.6,800,909,109,0,4,309.50,284.58,43.4,14.89,0.0557
13,RESULT,sat,rl,13216.8,800,972,172,1,6,313.72,284.85,60.5,18.28,-0.1071
14,RESULT,sat,rl,13309.6,800,950,150,1,4,315.30,286.37,60.1,128.00,-0.0165
15,RESULT,sat,rl,8174.1,800,979,179,0,5,317.29,288.92,97.9,23.88,-0.1496
16,RESULT,sat,rl,24250.4,800,858,58,1,4,307.72,285.24,33.0,15.07,0.0577
17,RESULT,sat,rl,22230.5,800,830,30,0,2,308.17,286.21,36.0,15.10,0.1360
18,RESULT,sat,rl,19560.2,800,880,80,0,5,309.44,286.10,40.9,5.44,0.0136
19,RESULT,sat,rl,18281.1,800,800,0,0,0,307.93,284.57,43.8,19.30,0.2624
20,RESULT,sat,rl,59325.1,800,828,28,1,3,306.62,284.43,13.5,4.40,0.0841
21,RESULT,sat,rl,63161.8,800,866,66,3,2,306.09,285.11,12.7,3.77,0.0582
22,RESULT,sat,rl,66062.6,800,809,9,1,1,306.70,284.73,12.1,12.89,0.1051
23,RESULT,sat,rl,13269.2,800,931,131,1,4,316.89,287.91,60.3,67.06,-0.0345
24,RESULT,sat,rl,5547.7,800,1048,248,0,3,329.50,288.35,144.2,128.00,0.0683
25,RESULT,sat,rl,18339.3,800,820,20,0,1,307.81,283.85,43.6,11.23,0.2305
26,RESULT,sat,rl,25107.9,800,816,16,0,1,306.54,284.95,31.9,11.09,0.2012
27,RESULT,sat,rl,33239.0,800,816,16,0,2,306.31,285.09,24.1,15.33,0.1307
28,RESULT,sat,rl,22150.4,800,850,50,1,2,308.65,285.64,36.1,17.32,0.1008
29,RESULT,sat,rl,21958.7,800,862,62,0,4,310.86,284.28,36.4,16.69,0.0538
30,RESULT,sat,rl,24313.0,800,809,9,0,1,309.50,286.47,32.9,6.57,0.2042
31,RESULT,sat,rl,24416.7,800,821,21,0,2,310.45,285.14,32.8,9.70,0.1426
32,RESULT,sat,rl,10615.1,800,1004,204,0,5,314.57,287.54,75.4,46.27,-0.0883
33,RESULT,sat,rl,6973.2,800,887,87,0,2,328.52,288.86,114.7,128.00,0.1092
34,RESULT,sat,rl,14508.2,800,958,158,1,4,329.62,287.07,55.1,22.95,-0.0775
35,RESULT,sat,rl,4875.3,800,898,98,0,1,325.00,286.47,164.1,79.85,0.2508
36,RESULT,sat,rl,43417.7,800,805,5,0,1,310.33,284.13,18.4,64.23,0.1417
37,RESULT,sat,rl,29704.8,800,955,155,2,3,310.15,283.99,26.9,22.62,0.0419
38,RESULT,sat,rl,29005.2,800,856,56,0,4,310.02,285.49,27.6,23.37,0.0804
39,RESULT,sat,rl,18377.0,800,800,0,0,0,307.05,284.26,43.5,20.14,0.2692
40,RESULT,sat,rl,16410.7,800,845,45,0,3,308.93,286.12,48.7,20.65,0.0932
