1,RESULT,5g,rl,975.2,500,586,86,1,1,29.28,17.13,512.7,33.89,0.1461
2,RESULT,5g,rl,913.1,500,541,41,0,2,26.62,16.37,547.6,34.73,0.1897
3,RESULT,5g,rl,535.6,500,500,0,0,0,30.40,17.53,933.6,25.93,0.4607
4,RESULT,5g,rl,580.8,500,534,34,0,1,32.53,17.54,860.8,38.92,0.2832
5,RESULT,5g,rl,559.7,500,500,0,0,0,29.63,16.46,893.4,32.68,0.4619
6,RESULT,5g,rl,664.6,500,538,38,0,1,26.04,16.21,752.3,39.52,0.3086
7,RESULT,5g,rl,551.7,500,500,0,0,0,28.15,17.53,906.2,37.47,0.5072
8,RESULT,5g,rl,928.6,500,534,34,0,1,25.02,15.68,538.5,32.30,0.2895
9,RESULT,5g,rl,562.4,500,500,0,0,0,30.09,17.50,889.1,49.70,0.4751
10,RESULT,5g,rl,886.5,500,555,55,1,2,28.19,15.65,564.0,11.39,-0.0060
11,RESULT,5g,rl,857.3,500,500,0,0,0,25.45,16.88,583.3,40.68,0.4612
12,RESULT,5g,rl,688.4,500,546,46,0,2,30.06,16.74,726.3,15.72,0.1508
13,RESULT,5g,rl,712.0,500,542,42,0,1,27.19,16.77,702.2,47.07,0.3498
14,RESULT,5g,rl,687.2,500,595,95,1,1,30.23,16.31,727.6,36.73,0.0725
15,RESULT,5g,rl,599.5,500,526,26,0,1,29.09,17.92,834.1,42.52,0.4089
16,RESULT,5g,rl,816.4,500,539,39,0,1,26.06,15.80,612.4,26.34,0.3423
17,RESULT,5g,rl,914.8,500,506,6,0,1,26.20,15.76,546.6,9.44,0.2906
18,RESULT,5g,rl,975.4,500,613,113,1,3,25.88,16.58,512.6,50.84,0.0146
19,RESULT,5g,rl,733.5,500,500,0,0,0,26.25,16.97,681.6,30.54,0.4426
20,RESULT,5g,rl,663.3,500,543,43,0,1,28.37,16.65,753.8,34.11,0.3670
21,RESULT,5g,rl,1131.6,500,586,86,1,4,25.24,16.42,441.8,7.24,0.0077
22,RESULT,5g,rl,1073.3,500,527,27,0,2,23.77,15.90,465.8,14.64,0.2824
23,RESULT,5g,rl,1023.0,500,500,0,0,0,24.22,16.34,488.7,17.10,0.3990
24,RESULT,5g,rl,994.0,500,500,0,0,0,23.74,16.32,503.0,7.82,0.4368
25,RESULT,5g,rl,988.9,500,536,36,0,2,24.12,16.51,505.6,17.22,0.2933
26,RESULT,5g,rl,1276.5,500,515,15,0,1,25.36,16.90,391.7,17.21,0.2682
27,RESULT,5g,rl,975.2,500,500,0,0,0,23.85,17.04,512.7,17.98,0.4365
28,RESULT,5g,rl,1063.8,500,531,31,1,1,23.95,15.70,470.0,13.19,0.1984
29,RESULT,5g,rl,873.9,500,522,22,0,1,24.58,15.67,572.1,16.74,0.3358
30,RESULT,5g,rl,666.3,500,500,0,0,0,26.51,17.57,750.5,22.65,0.5031
31,RESULT,5g,rl,646.9,500,500,0,0,0,26.27,16.94,772.9,25.69,0.5271
32,RESULT,5g,rl,605.0,500,540,40,0,1,27.48,18.06,826.5,13.43,0.3966
33,RESULT,5g,rl,662.8,500,523,23,0,1,26.93,17.64,754.4,6.57,0.3423
34,RESULT,5g,rl,992.6,500,500,0,0,0,23.95,16.38,503.7,10.42,0.4513
35,RESULT,5g,rl,972.8,500,500,0,0,0,23.78,16.47,514.0,13.78,0.4157
36,RESULT,5g,rl,974.5,500,500,0,0,0,23.85,17.38,513.1,12.25,0.4498
37,RESULT,5g,rl,943.4,500,517,17,0,1,24.26,17.34,530.0,11.06,0.3858
38,RESULT,5g,rl,992.6,500,571,71,0,4,23.91,17.49,503.7,11.48,0.1139
39,RESULT,5g,rl,944.1,500,500,0,0,0,23.98,16.94,529.6,15.98,0.4801
40,RESULT,5g,rl,1042.7,500,517,17,0,1,23.80,16.36,479.5,17.59,0.3415
